embedding,id,type,top_k,source_recall,source_hit,seconds,retrieved_sources,expected_sources
sentence-transformers/paraphrase-multilingual-MiniLM-L12-v2,q1,factual,2,1.0,1,0.00862364400018123,"['01_producto_lr100_specs.txt', '02_producto_lr200_specs.txt']",['02_producto_lr200_specs.txt']
sentence-transformers/paraphrase-multilingual-MiniLM-L12-v2,q1,factual,4,1.0,1,0.008731945999898016,"['01_producto_lr100_specs.txt', '02_producto_lr200_specs.txt', '08_manual_uso_lr200.txt', '10_comparativa_competencia.txt']",['02_producto_lr200_specs.txt']
sentence-transformers/paraphrase-multilingual-MiniLM-L12-v2,q2,factual,2,0.0,0,0.009405456999957096,"['05_acta_reunion_q3_2024.txt', '10_comparativa_competencia.txt']",['06_garantias.txt']
sentence-transformers/paraphrase-multilingual-MiniLM-L12-v2,q2,factual,4,1.0,1,0.009123446001467528,"['02_producto_lr200_specs.txt', '05_acta_reunion_q3_2024.txt', '06_garantias.txt', '10_comparativa_competencia.txt']",['06_garantias.txt']
sentence-transformers/paraphrase-multilingual-MiniLM-L12-v2,q3,temporal,2,1.0,1,0.011717655001120875,"['03_politica_devoluciones_2023.txt', '04_politica_devoluciones_2024.txt']","['03_politica_devoluciones_2023.txt', '04_politica_devoluciones_2024.txt']"
sentence-transformers/paraphrase-multilingual-MiniLM-L12-v2,q3,temporal,4,1.0,1,0.011589123998419382,"['03_politica_devoluciones_2023.txt', '04_politica_devoluciones_2024.txt', '05_acta_reunion_q3_2024.txt']","['03_politica_devoluciones_2023.txt', '04_politica_devoluciones_2024.txt']"
sentence-transformers/paraphrase-multilingual-MiniLM-L12-v2,q4,temporal,2,0.0,0,0.015573447999486234,"['05_acta_reunion_q3_2024.txt', '10_comparativa_competencia.txt']","['02_producto_lr200_specs.txt', '09_incidencias_conocidas.txt']"
sentence-transformers/paraphrase-multilingual-MiniLM-L12-v2,q4,temporal,4,0.5,1,0.009630242999264738,"['05_acta_reunion_q3_2024.txt', '09_incidencias_conocidas.txt', '10_comparativa_competencia.txt']","['02_producto_lr200_specs.txt', '09_incidencias_conocidas.txt']"
sentence-transformers/paraphrase-multilingual-MiniLM-L12-v2,q5,multihop,2,0.5,1,0.010404150998510886,['05_acta_reunion_q3_2024.txt'],"['05_acta_reunion_q3_2024.txt', '09_incidencias_conocidas.txt']"
sentence-transformers/paraphrase-multilingual-MiniLM-L12-v2,q5,multihop,4,0.5,1,0.010238344002573285,"['03_politica_devoluciones_2023.txt', '05_acta_reunion_q3_2024.txt']","['05_acta_reunion_q3_2024.txt', '09_incidencias_conocidas.txt']"
sentence-transformers/paraphrase-multilingual-MiniLM-L12-v2,q6,multihop,2,0.6666666666666666,1,0.011109825998573797,"['07_soporte_contactos.txt', '09_incidencias_conocidas.txt']","['07_soporte_contactos.txt', '08_manual_uso_lr200.txt', '09_incidencias_conocidas.txt']"
sentence-transformers/paraphrase-multilingual-MiniLM-L12-v2,q6,multihop,4,0.6666666666666666,1,0.010924768997938372,"['05_acta_reunion_q3_2024.txt', '07_soporte_contactos.txt', '09_incidencias_conocidas.txt', '10_comparativa_competencia.txt']","['07_soporte_contactos.txt', '08_manual_uso_lr200.txt', '09_incidencias_conocidas.txt']"
sentence-transformers/paraphrase-multilingual-MiniLM-L12-v2,q7,comparativa,2,0.5,1,0.009496656999544939,"['02_producto_lr200_specs.txt', '10_comparativa_competencia.txt']","['01_producto_lr100_specs.txt', '02_producto_lr200_specs.txt']"
sentence-transformers/paraphrase-multilingual-MiniLM-L12-v2,q7,comparativa,4,1.0,1,0.009096148001844995,"['01_producto_lr100_specs.txt', '02_producto_lr200_specs.txt', '05_acta_reunion_q3_2024.txt', '10_comparativa_competencia.txt']","['01_producto_lr100_specs.txt', '02_producto_lr200_specs.txt']"
sentence-transformers/paraphrase-multilingual-MiniLM-L12-v2,q8,comparativa,2,0.5,1,0.011131563998787897,['10_comparativa_competencia.txt'],"['02_producto_lr200_specs.txt', '10_comparativa_competencia.txt']"
sentence-transformers/paraphrase-multilingual-MiniLM-L12-v2,q8,comparativa,4,0.5,1,0.01093353299802402,"['05_acta_reunion_q3_2024.txt', '08_manual_uso_lr200.txt', '10_comparativa_competencia.txt']","['02_producto_lr200_specs.txt', '10_comparativa_competencia.txt']"
intfloat/multilingual-e5-small,q1,factual,2,1.0,1,0.009507548998954007,"['01_producto_lr100_specs.txt', '02_producto_lr200_specs.txt']",['02_producto_lr200_specs.txt']
intfloat/multilingual-e5-small,q1,factual,4,1.0,1,0.009059887001058087,"['01_producto_lr100_specs.txt', '02_producto_lr200_specs.txt', '06_garantias.txt', '10_comparativa_competencia.txt']",['02_producto_lr200_specs.txt']
intfloat/multilingual-e5-small,q2,factual,2,1.0,1,0.009614842001610668,"['05_acta_reunion_q3_2024.txt', '06_garantias.txt']",['06_garantias.txt']
intfloat/multilingual-e5-small,q2,factual,4,1.0,1,0.009423822000826476,"['02_producto_lr200_specs.txt', '05_acta_reunion_q3_2024.txt', '06_garantias.txt', '10_comparativa_competencia.txt']",['06_garantias.txt']
intfloat/multilingual-e5-small,q3,temporal,2,0.5,1,0.012135925000620773,"['03_politica_devoluciones_2023.txt', '05_acta_reunion_q3_2024.txt']","['03_politica_devoluciones_2023.txt', '04_politica_devoluciones_2024.txt']"
intfloat/multilingual-e5-small,q3,temporal,4,1.0,1,0.011800287997175474,"['03_politica_devoluciones_2023.txt', '04_politica_devoluciones_2024.txt', '05_acta_reunion_q3_2024.txt']","['03_politica_devoluciones_2023.txt', '04_politica_devoluciones_2024.txt']"
intfloat/multilingual-e5-small,q4,temporal,2,0.5,1,0.015374069997051265,"['05_acta_reunion_q3_2024.txt', '09_incidencias_conocidas.txt']","['02_producto_lr200_specs.txt', '09_incidencias_conocidas.txt']"
intfloat/multilingual-e5-small,q4,temporal,4,0.5,1,0.010010942001827061,"['05_acta_reunion_q3_2024.txt', '07_soporte_contactos.txt', '09_incidencias_conocidas.txt']","['02_producto_lr200_specs.txt', '09_incidencias_conocidas.txt']"
intfloat/multilingual-e5-small,q5,multihop,2,0.5,1,0.01056084700030624,['05_acta_reunion_q3_2024.txt'],"['05_acta_reunion_q3_2024.txt', '09_incidencias_conocidas.txt']"
intfloat/multilingual-e5-small,q5,multihop,4,0.5,1,0.010391488998720888,"['01_producto_lr100_specs.txt', '03_politica_devoluciones_2023.txt', '05_acta_reunion_q3_2024.txt']","['05_acta_reunion_q3_2024.txt', '09_incidencias_conocidas.txt']"
intfloat/multilingual-e5-small,q6,multihop,2,0.6666666666666666,1,0.011614727998676244,"['07_soporte_contactos.txt', '08_manual_uso_lr200.txt']","['07_soporte_contactos.txt', '08_manual_uso_lr200.txt', '09_incidencias_conocidas.txt']"
intfloat/multilingual-e5-small,q6,multihop,4,1.0,1,0.011112033997051185,"['07_soporte_contactos.txt', '08_manual_uso_lr200.txt', '09_incidencias_conocidas.txt']","['07_soporte_contactos.txt', '08_manual_uso_lr200.txt', '09_incidencias_conocidas.txt']"
intfloat/multilingual-e5-small,q7,comparativa,2,1.0,1,0.009758631000295281,"['01_producto_lr100_specs.txt', '02_producto_lr200_specs.txt']","['01_producto_lr100_specs.txt', '02_producto_lr200_specs.txt']"
intfloat/multilingual-e5-small,q7,comparativa,4,1.0,1,0.009415885000635171,"['01_producto_lr100_specs.txt', '02_producto_lr200_specs.txt', '09_incidencias_conocidas.txt', '10_comparativa_competencia.txt']","['01_producto_lr100_specs.txt', '02_producto_lr200_specs.txt']"
intfloat/multilingual-e5-small,q8,comparativa,2,0.5,1,0.011633399000857025,['10_comparativa_competencia.txt'],"['02_producto_lr200_specs.txt', '10_comparativa_competencia.txt']"
intfloat/multilingual-e5-small,q8,comparativa,4,0.5,1,0.011144064999825787,"['05_acta_reunion_q3_2024.txt', '06_garantias.txt', '10_comparativa_competencia.txt']","['02_producto_lr200_specs.txt', '10_comparativa_competencia.txt']"
lightonai/mDenseOn,q1,factual,2,1.0,1,0.022153647001687204,"['01_producto_lr100_specs.txt', '02_producto_lr200_specs.txt']",['02_producto_lr200_specs.txt']
lightonai/mDenseOn,q1,factual,4,1.0,1,0.021677403998182854,"['01_producto_lr100_specs.txt', '02_producto_lr200_specs.txt', '08_manual_uso_lr200.txt', '10_comparativa_competencia.txt']",['02_producto_lr200_specs.txt']
lightonai/mDenseOn,q2,factual,2,1.0,1,0.02310301299803541,"['06_garantias.txt', '10_comparativa_competencia.txt']",['06_garantias.txt']
lightonai/mDenseOn,q2,factual,4,1.0,1,0.023194699999294244,"['05_acta_reunion_q3_2024.txt', '06_garantias.txt', '07_soporte_contactos.txt', '10_comparativa_competencia.txt']",['06_garantias.txt']
lightonai/mDenseOn,q3,temporal,2,1.0,1,0.037236552001559176,"['03_politica_devoluciones_2023.txt', '04_politica_devoluciones_2024.txt']","['03_politica_devoluciones_2023.txt', '04_politica_devoluciones_2024.txt']"
lightonai/mDenseOn,q3,temporal,4,1.0,1,0.037161093001486734,"['03_politica_devoluciones_2023.txt', '04_politica_devoluciones_2024.txt', '05_acta_reunion_q3_2024.txt']","['03_politica_devoluciones_2023.txt', '04_politica_devoluciones_2024.txt']"
lightonai/mDenseOn,q4,temporal,2,0.5,1,0.025885282000672305,['09_incidencias_conocidas.txt'],"['02_producto_lr200_specs.txt', '09_incidencias_conocidas.txt']"
lightonai/mDenseOn,q4,temporal,4,0.5,1,0.025307602001703344,"['05_acta_reunion_q3_2024.txt', '09_incidencias_conocidas.txt']","['02_producto_lr200_specs.txt', '09_incidencias_conocidas.txt']"
lightonai/mDenseOn,q5,multihop,2,0.5,1,0.028473875998315634,['05_acta_reunion_q3_2024.txt'],"['05_acta_reunion_q3_2024.txt', '09_incidencias_conocidas.txt']"
lightonai/mDenseOn,q5,multihop,4,1.0,1,0.028751146997819887,"['01_producto_lr100_specs.txt', '05_acta_reunion_q3_2024.txt', '09_incidencias_conocidas.txt']","['05_acta_reunion_q3_2024.txt', '09_incidencias_conocidas.txt']"
lightonai/mDenseOn,q6,multihop,2,0.3333333333333333,1,0.03193975400063209,"['05_acta_reunion_q3_2024.txt', '07_soporte_contactos.txt']","['07_soporte_contactos.txt', '08_manual_uso_lr200.txt', '09_incidencias_conocidas.txt']"
lightonai/mDenseOn,q6,multihop,4,1.0,1,0.03187343800163944,"['05_acta_reunion_q3_2024.txt', '07_soporte_contactos.txt', '08_manual_uso_lr200.txt', '09_incidencias_conocidas.txt']","['07_soporte_contactos.txt', '08_manual_uso_lr200.txt', '09_incidencias_conocidas.txt']"
lightonai/mDenseOn,q7,comparativa,2,0.5,1,0.025221083000360522,"['02_producto_lr200_specs.txt', '10_comparativa_competencia.txt']","['01_producto_lr100_specs.txt', '02_producto_lr200_specs.txt']"
lightonai/mDenseOn,q7,comparativa,4,1.0,1,0.025267083001381252,"['01_producto_lr100_specs.txt', '02_producto_lr200_specs.txt', '10_comparativa_competencia.txt']","['01_producto_lr100_specs.txt', '02_producto_lr200_specs.txt']"
lightonai/mDenseOn,q8,comparativa,2,0.5,1,0.0323099640008877,['10_comparativa_competencia.txt'],"['02_producto_lr200_specs.txt', '10_comparativa_competencia.txt']"
lightonai/mDenseOn,q8,comparativa,4,1.0,1,0.03204869700130075,"['02_producto_lr200_specs.txt', '06_garantias.txt', '10_comparativa_competencia.txt']","['02_producto_lr200_specs.txt', '10_comparativa_competencia.txt']"
BAAI/bge-m3,q1,factual,2,1.0,1,0.04688411800088943,"['01_producto_lr100_specs.txt', '02_producto_lr200_specs.txt']",['02_producto_lr200_specs.txt']
BAAI/bge-m3,q1,factual,4,1.0,1,0.039970292997168144,"['01_producto_lr100_specs.txt', '02_producto_lr200_specs.txt', '06_garantias.txt', '10_comparativa_competencia.txt']",['02_producto_lr200_specs.txt']
BAAI/bge-m3,q2,factual,2,1.0,1,0.04392668599757599,"['06_garantias.txt', '10_comparativa_competencia.txt']",['06_garantias.txt']
BAAI/bge-m3,q2,factual,4,1.0,1,0.044308364998869365,"['05_acta_reunion_q3_2024.txt', '06_garantias.txt', '07_soporte_contactos.txt', '10_comparativa_competencia.txt']",['06_garantias.txt']
BAAI/bge-m3,q3,temporal,2,0.5,1,0.08096072300031665,"['04_politica_devoluciones_2024.txt', '05_acta_reunion_q3_2024.txt']","['03_politica_devoluciones_2023.txt', '04_politica_devoluciones_2024.txt']"
BAAI/bge-m3,q3,temporal,4,1.0,1,0.08142005800254992,"['03_politica_devoluciones_2023.txt', '04_politica_devoluciones_2024.txt', '05_acta_reunion_q3_2024.txt']","['03_politica_devoluciones_2023.txt', '04_politica_devoluciones_2024.txt']"
BAAI/bge-m3,q4,temporal,2,0.5,1,0.048079225001856685,"['05_acta_reunion_q3_2024.txt', '09_incidencias_conocidas.txt']","['02_producto_lr200_specs.txt', '09_incidencias_conocidas.txt']"
BAAI/bge-m3,q4,temporal,4,0.5,1,0.04736691099969903,"['05_acta_reunion_q3_2024.txt', '09_incidencias_conocidas.txt']","['02_producto_lr200_specs.txt', '09_incidencias_conocidas.txt']"
BAAI/bge-m3,q5,multihop,2,0.5,1,0.05278854500284069,['05_acta_reunion_q3_2024.txt'],"['05_acta_reunion_q3_2024.txt', '09_incidencias_conocidas.txt']"
BAAI/bge-m3,q5,multihop,4,0.5,1,0.05362985600004322,['05_acta_reunion_q3_2024.txt'],"['05_acta_reunion_q3_2024.txt', '09_incidencias_conocidas.txt']"
BAAI/bge-m3,q6,multihop,2,0.3333333333333333,1,0.07565368799987482,"['06_garantias.txt', '07_soporte_contactos.txt']","['07_soporte_contactos.txt', '08_manual_uso_lr200.txt', '09_incidencias_conocidas.txt']"
BAAI/bge-m3,q6,multihop,4,1.0,1,0.07580909800162772,"['06_garantias.txt', '07_soporte_contactos.txt', '08_manual_uso_lr200.txt', '09_incidencias_conocidas.txt']","['07_soporte_contactos.txt', '08_manual_uso_lr200.txt', '09_incidencias_conocidas.txt']"
BAAI/bge-m3,q7,comparativa,2,0.5,1,0.04657183599920245,"['02_producto_lr200_specs.txt', '10_comparativa_competencia.txt']","['01_producto_lr100_specs.txt', '02_producto_lr200_specs.txt']"
BAAI/bge-m3,q7,comparativa,4,1.0,1,0.04464399599964963,"['01_producto_lr100_specs.txt', '02_producto_lr200_specs.txt', '05_acta_reunion_q3_2024.txt', '10_comparativa_competencia.txt']","['01_producto_lr100_specs.txt', '02_producto_lr200_specs.txt']"
BAAI/bge-m3,q8,comparativa,2,0.5,1,0.07358421599928988,['10_comparativa_competencia.txt'],"['02_producto_lr200_specs.txt', '10_comparativa_competencia.txt']"
BAAI/bge-m3,q8,comparativa,4,1.0,1,0.07447013300043182,"['02_producto_lr200_specs.txt', '05_acta_reunion_q3_2024.txt', '10_comparativa_competencia.txt']","['02_producto_lr200_specs.txt', '10_comparativa_competencia.txt']"
