key,system,id,type,question,reference,sources,response,retrieved_contexts,documents,trace,llm_calls,input_tokens,output_tokens,seconds,calls,answer_correctness,faithfulness,record_id
grid-0-k2,RAG simple,q1,factual,"¿Qué capacidad de batería, autonomía aproximada y tiempo de carga tiene el Lumina LR-200?","El LR-200 tiene una batería de 5200 mAh, una autonomía aproximada de 180 minutos y un tiempo de carga de 2,5 horas.",['02_producto_lr200_specs.txt'],"La capacidad de batería del Lumina LR-200 es de 5200 mAh, su autonomía aproximada es de 180 minutos y el tiempo de carga es de 2.5 horas [02_producto_lr200_specs:0].","['Especificaciones técnicas — Lumina LR-200\nFecha de lanzamiento: septiembre de 2024\nEstado: producto estrella\n\nDimensiones: 35 × 35 × 8 cm\nPeso: 3.4 kg\nBatería: 5200 mAh, autonomía aproximada de 180 minutos\nTiempo de carga: 2.5 horas\nCapacidad del depósito: 600 ml + tanque de agua de 250 ml\nFunción de fregado: sí, con dosificación automática\nNivel de ruido: 58 dB\nConectividad: Wi-Fi dual-band, Bluetooth ', 'Especificaciones técnicas — Lumina LR-100\nFecha de lanzamiento: marzo de 2022\nEstado: en catálogo (pendiente de discontinuación)\n\nDimensiones: 32 × 32 × 9 cm\nPeso: 3.1 kg\nBatería: 2400 mAh, autonomía aproximada de 90 minutos\nTiempo de carga: 4 horas\nCapacidad del depósito: 450 ml\nFunción de fregado: no disponible\nNivel de ruido: 68 dB\nConectividad: Wi-Fi 2.4 GHz\nSensores: bumper físico y ']","[{'id': '02_producto_lr200_specs:0', 'source': '02_producto_lr200_specs.txt', 'text': 'Especificaciones técnicas — Lumina LR-200\nFecha de lanzamiento: septiembre de 2024\nEstado: producto estrella\n\nDimensiones: 35 × 35 × 8 cm\nPeso: 3.4 kg\nBatería: 5200 mAh, autonomía aproximada de 180 minutos\nTiempo de carga: 2.5 horas\nCapacidad del depósito: 600 ml + tanque de agua de 250 ml\nFunción de fregado: sí, con dosificación automática\nNivel de ruido: 58 dB\nConectividad: Wi-Fi dual-band, Bluetooth ', 'score': 0.6755883693695068}, {'id': '01_producto_lr100_specs:0', 'source': '01_producto_lr100_specs.txt', 'text': 'Especificaciones técnicas — Lumina LR-100\nFecha de lanzamiento: marzo de 2022\nEstado: en catálogo (pendiente de discontinuación)\n\nDimensiones: 32 × 32 × 9 cm\nPeso: 3.1 kg\nBatería: 2400 mAh, autonomía aproximada de 90 minutos\nTiempo de carga: 4 horas\nCapacidad del depósito: 450 ml\nFunción de fregado: no disponible\nNivel de ruido: 68 dB\nConectividad: Wi-Fi 2.4 GHz\nSensores: bumper físico y ', 'score': 0.6582609415054321}]","[{'stage': 'retrieval', 'query': '¿Qué capacidad de batería, autonomía aproximada y tiempo de carga tiene el Lumina LR-200?', 'documents': [{'id': '02_producto_lr200_specs:0', 'source': '02_producto_lr200_specs.txt', 'text': 'Especificaciones técnicas — Lumina LR-200\nFecha de lanzamiento: septiembre de 2024\nEstado: producto estrella\n\nDimensiones: 35 × 35 × 8 cm\nPeso: 3.4 kg\nBatería: 5200 mAh, autonomía aproximada de 180 minutos\nTiempo de carga: 2.5 horas\nCapacidad del depósito: 600 ml + tanque de agua de 250 ml\nFunción de fregado: sí, con dosificación automática\nNivel de ruido: 58 dB\nConectividad: Wi-Fi dual-band, Bluetooth ', 'score': 0.6755883693695068}, {'id': '01_producto_lr100_specs:0', 'source': '01_producto_lr100_specs.txt', 'text': 'Especificaciones técnicas — Lumina LR-100\nFecha de lanzamiento: marzo de 2022\nEstado: en catálogo (pendiente de discontinuación)\n\nDimensiones: 32 × 32 × 9 cm\nPeso: 3.1 kg\nBatería: 2400 mAh, autonomía aproximada de 90 minutos\nTiempo de carga: 4 horas\nCapacidad del depósito: 450 ml\nFunción de fregado: no disponible\nNivel de ruido: 68 dB\nConectividad: Wi-Fi 2.4 GHz\nSensores: bumper físico y ', 'score': 0.6582609415054321}]}]",1,408,60,0.9010435150048579,"[{'prompt': 'Responde en español, brevemente y solo con hechos respaldados por los documentos. Cita los identificadores entre corchetes. Si falta evidencia, indícalo. Si se pregunta por políticas, distingue las históricas de la vigente. No añadas comentarios sobre temas ajenos a la pregunta.\nPregunta: ¿Qué capacidad de batería, autonomía aproximada y tiempo de carga tiene el Lumina LR-200?\nDocumentos:\n[02_producto_lr200_specs:0] Especificaciones técnicas — Lumina LR-200\nFecha de lanzamiento: septiembre de 2024\nEstado: producto estrella\n\nDimensiones: 35 × 35 × 8 cm\nPeso: 3.4 kg\nBatería: 5200 mAh, autonomía aproximada de 180 minutos\nTiempo de carga: 2.5 horas\nCapacidad del depósito: 600 ml + tanque de agua de 250 ml\nFunción de fregado: sí, con dosificación automática\nNivel de ruido: 58 dB\nConectividad: Wi-Fi dual-band, Bluetooth \n\n[01_producto_lr100_specs:0] Especificaciones técnicas — Lumina LR-100\nFecha de lanzamiento: marzo de 2022\nEstado: en catálogo (pendiente de discontinuación)\n\nDimensiones: 32 × 32 × 9 cm\nPeso: 3.1 kg\nBatería: 2400 mAh, autonomía aproximada de 90 minutos\nTiempo de carga: 4 horas\nCapacidad del depósito: 450 ml\nFunción de fregado: no disponible\nNivel de ruido: 68 dB\nConectividad: Wi-Fi 2.4 GHz\nSensores: bumper físico y ', 'response': 'La capacidad de batería del Lumina LR-200 es de 5200 mAh, su autonomía aproximada es de 180 minutos y el tiempo de carga es de 2.5 horas [02_producto_lr200_specs:0].', 'input_tokens': 408, 'output_tokens': 60}]",0.9842020647611868,1.0,grid-0-k2__q1
grid-0-k2,RAG simple,q2,factual,¿Cuál es la garantía estándar del LR-200 y hasta cuántos meses puede ampliarse? ¿Cuánto cuesta la ampliación?,La garantía estándar del LR-200 es de 36 meses. Puede ampliarse opcionalmente hasta un total de 60 meses por 59 € adicionales.,['06_garantias.txt'],"La garantía estándar del LR-200 es de 36 meses [10_comparativa_competencia:2].

Respecto a la ampliación de la garantía, el documento menciona que está ""Pendiente para la siguiente reunión: revisar la política de garantía extendida pensando en los clientes del LR-100 que decidan migrar al LR-200"" [05_acta_reunion_q3_2024:4]. No se especifica hasta cuántos meses puede ampliarse ni cuál es el costo de dicha ampliación.","['a mantener stock del LR-100 hasta agotar existencias, pero sin nueva producción a partir del 1 de noviembre de 2024.\n\n3. El LR-200 pasa a ser el modelo de referencia de la marca. El equipo de marketing ajustará la página principal a partir del 1 de octubre.\n\n4. Pendiente para la siguiente reunión: revisar la política de garantía extendida pensando en los clientes del LR-100 que decidan migrar al LR-200.\n\n5. Se establece una ', 'i-planta.\n\nLumina LR-200 (referencia interna):\n  Autonomía: 180 minutos\n  Mapeo: SLAM con LiDAR y cámara, multi-planta hasta 4 niveles\n  Garantía: 36 meses\n  Precio: 599 €\n  Ventaja principal: mejor relación garantía-precio del segmento y soporte multi-planta.\n\nConclusión del equipo:\nEl LR-200 mantiene una ventaja clara en garantía y en gestión multi-planta. Conviene reforzar la comunicación sobre la función de fregado, ausente en el competidor ']","[{'id': '05_acta_reunion_q3_2024:2', 'source': '05_acta_reunion_q3_2024.txt', 'text': 'a mantener stock del LR-100 hasta agotar existencias, pero sin nueva producción a partir del 1 de noviembre de 2024.\n\n3. El LR-200 pasa a ser el modelo de referencia de la marca. El equipo de marketing ajustará la página principal a partir del 1 de octubre.\n\n4. Pendiente para la siguiente reunión: revisar la política de garantía extendida pensando en los clientes del LR-100 que decidan migrar al LR-200.\n\n5. Se establece una ', 'score': 0.6712676286697388}, {'id': '10_comparativa_competencia:2', 'source': '10_comparativa_competencia.txt', 'text': 'i-planta.\n\nLumina LR-200 (referencia interna):\n  Autonomía: 180 minutos\n  Mapeo: SLAM con LiDAR y cámara, multi-planta hasta 4 niveles\n  Garantía: 36 meses\n  Precio: 599 €\n  Ventaja principal: mejor relación garantía-precio del segmento y soporte multi-planta.\n\nConclusión del equipo:\nEl LR-200 mantiene una ventaja clara en garantía y en gestión multi-planta. Conviene reforzar la comunicación sobre la función de fregado, ausente en el competidor ', 'score': 0.6246787309646606}]","[{'stage': 'retrieval', 'query': '¿Cuál es la garantía estándar del LR-200 y hasta cuántos meses puede ampliarse? ¿Cuánto cuesta la ampliación?', 'documents': [{'id': '05_acta_reunion_q3_2024:2', 'source': '05_acta_reunion_q3_2024.txt', 'text': 'a mantener stock del LR-100 hasta agotar existencias, pero sin nueva producción a partir del 1 de noviembre de 2024.\n\n3. El LR-200 pasa a ser el modelo de referencia de la marca. El equipo de marketing ajustará la página principal a partir del 1 de octubre.\n\n4. Pendiente para la siguiente reunión: revisar la política de garantía extendida pensando en los clientes del LR-100 que decidan migrar al LR-200.\n\n5. Se establece una ', 'score': 0.6712676286697388}, {'id': '10_comparativa_competencia:2', 'source': '10_comparativa_competencia.txt', 'text': 'i-planta.\n\nLumina LR-200 (referencia interna):\n  Autonomía: 180 minutos\n  Mapeo: SLAM con LiDAR y cámara, multi-planta hasta 4 niveles\n  Garantía: 36 meses\n  Precio: 599 €\n  Ventaja principal: mejor relación garantía-precio del segmento y soporte multi-planta.\n\nConclusión del equipo:\nEl LR-200 mantiene una ventaja clara en garantía y en gestión multi-planta. Conviene reforzar la comunicación sobre la función de fregado, ausente en el competidor ', 'score': 0.6246787309646606}]}]",1,390,122,1.9052015339984791,"[{'prompt': 'Responde en español, brevemente y solo con hechos respaldados por los documentos. Cita los identificadores entre corchetes. Si falta evidencia, indícalo. Si se pregunta por políticas, distingue las históricas de la vigente. No añadas comentarios sobre temas ajenos a la pregunta.\nPregunta: ¿Cuál es la garantía estándar del LR-200 y hasta cuántos meses puede ampliarse? ¿Cuánto cuesta la ampliación?\nDocumentos:\n[05_acta_reunion_q3_2024:2] a mantener stock del LR-100 hasta agotar existencias, pero sin nueva producción a partir del 1 de noviembre de 2024.\n\n3. El LR-200 pasa a ser el modelo de referencia de la marca. El equipo de marketing ajustará la página principal a partir del 1 de octubre.\n\n4. Pendiente para la siguiente reunión: revisar la política de garantía extendida pensando en los clientes del LR-100 que decidan migrar al LR-200.\n\n5. Se establece una \n\n[10_comparativa_competencia:2] i-planta.\n\nLumina LR-200 (referencia interna):\n  Autonomía: 180 minutos\n  Mapeo: SLAM con LiDAR y cámara, multi-planta hasta 4 niveles\n  Garantía: 36 meses\n  Precio: 599 €\n  Ventaja principal: mejor relación garantía-precio del segmento y soporte multi-planta.\n\nConclusión del equipo:\nEl LR-200 mantiene una ventaja clara en garantía y en gestión multi-planta. Conviene reforzar la comunicación sobre la función de fregado, ausente en el competidor ', 'response': 'La garantía estándar del LR-200 es de 36 meses [10_comparativa_competencia:2].\n\nRespecto a la ampliación de la garantía, el documento menciona que está ""Pendiente para la siguiente reunión: revisar la política de garantía extendida pensando en los clientes del LR-100 que decidan migrar al LR-200"" [05_acta_reunion_q3_2024:4]. No se especifica hasta cuántos meses puede ampliarse ni cuál es el costo de dicha ampliación.', 'input_tokens': 390, 'output_tokens': 122}]",0.4062082351691692,1.0,grid-0-k2__q2
grid-0-k2,RAG simple,q3,temporal,"Según las políticas del corpus, ¿cómo cambió el plazo de devolución desde el 1 de abril de 2024? Para un LR-200 comprado por 599 € bajo la nueva política, abierto y en buen estado, ¿qué cargo y condiciones de envío se aplican si se devuelve 45 días después de recibirlo?","Hasta el 31 de marzo de 2024 el plazo era de 30 días naturales; desde el 1 de abril de 2024 es de 60 días naturales. La devolución del LR-200 abierto y en buen estado en el día 45 está dentro del nuevo plazo y tiene un cargo del 10 % del precio de compra, es decir, 59,90 €. El envío de devolución es gratuito porque el pedido supera los 200 €.","['03_politica_devoluciones_2023.txt', '04_politica_devoluciones_2024.txt']","El plazo de devolución cambió de 30 días naturales desde la recepción del producto (vigente hasta el 31 de marzo de 2024) a [04_politica_devoluciones_2024:2] (no se especifica el nuevo plazo en el fragmento proporcionado).

Para un LR-200 comprado por 599 € bajo la nueva política, abierto y en buen estado, si se devuelve 45 días después de recibirlo:
*   **Cargo:** No se especifica el cargo aplicable para un producto abierto en la nueva política.
*   **Condiciones de envío:** Los gastos de envío de la devolución son gratuitos en pedidos superiores a 200 € [04_politica_devoluciones_2024:2].","['rechaza.\n\nReembolso: en el método de pago original, en un máximo de 5 días laborables tras la recepción.\nGastos de envío de la devolución: gratuitos en pedidos superiores a 200 €.\n\nExcepciones: los productos discontinuados o de la sección outlet se rigen por las condiciones específicas indicadas en su ficha en el momento de la compra.\n', 'Política de devoluciones — Lumina Robotics\nVigencia: del 1 de enero de 2023 al 31 de marzo de 2024\nEstado: SUSTITUIDA por la versión 2024\n\nPlazo: 30 días naturales desde la recepción del producto.\nEstado del producto: debe devolverse en su embalaje original con todos los accesorios.\nCargo por reposición: 15% del precio de compra si el producto ha sido abierto.\nReembolso: en el método de pago original, entre 7 y 10 días laborables tras recibir la devolución']","[{'id': '04_politica_devoluciones_2024:2', 'source': '04_politica_devoluciones_2024.txt', 'text': 'rechaza.\n\nReembolso: en el método de pago original, en un máximo de 5 días laborables tras la recepción.\nGastos de envío de la devolución: gratuitos en pedidos superiores a 200 €.\n\nExcepciones: los productos discontinuados o de la sección outlet se rigen por las condiciones específicas indicadas en su ficha en el momento de la compra.\n', 'score': 0.622262179851532}, {'id': '03_politica_devoluciones_2023:0', 'source': '03_politica_devoluciones_2023.txt', 'text': 'Política de devoluciones — Lumina Robotics\nVigencia: del 1 de enero de 2023 al 31 de marzo de 2024\nEstado: SUSTITUIDA por la versión 2024\n\nPlazo: 30 días naturales desde la recepción del producto.\nEstado del producto: debe devolverse en su embalaje original con todos los accesorios.\nCargo por reposición: 15% del precio de compra si el producto ha sido abierto.\nReembolso: en el método de pago original, entre 7 y 10 días laborables tras recibir la devolución', 'score': 0.6164723634719849}]","[{'stage': 'retrieval', 'query': 'Según las políticas del corpus, ¿cómo cambió el plazo de devolución desde el 1 de abril de 2024? Para un LR-200 comprado por 599 € bajo la nueva política, abierto y en buen estado, ¿qué cargo y condiciones de envío se aplican si se devuelve 45 días después de recibirlo?', 'documents': [{'id': '04_politica_devoluciones_2024:2', 'source': '04_politica_devoluciones_2024.txt', 'text': 'rechaza.\n\nReembolso: en el método de pago original, en un máximo de 5 días laborables tras la recepción.\nGastos de envío de la devolución: gratuitos en pedidos superiores a 200 €.\n\nExcepciones: los productos discontinuados o de la sección outlet se rigen por las condiciones específicas indicadas en su ficha en el momento de la compra.\n', 'score': 0.622262179851532}, {'id': '03_politica_devoluciones_2023:0', 'source': '03_politica_devoluciones_2023.txt', 'text': 'Política de devoluciones — Lumina Robotics\nVigencia: del 1 de enero de 2023 al 31 de marzo de 2024\nEstado: SUSTITUIDA por la versión 2024\n\nPlazo: 30 días naturales desde la recepción del producto.\nEstado del producto: debe devolverse en su embalaje original con todos los accesorios.\nCargo por reposición: 15% del precio de compra si el producto ha sido abierto.\nReembolso: en el método de pago original, entre 7 y 10 días laborables tras recibir la devolución', 'score': 0.6164723634719849}]}]",1,400,174,2.675452657000278,"[{'prompt': 'Responde en español, brevemente y solo con hechos respaldados por los documentos. Cita los identificadores entre corchetes. Si falta evidencia, indícalo. Si se pregunta por políticas, distingue las históricas de la vigente. No añadas comentarios sobre temas ajenos a la pregunta.\nPregunta: Según las políticas del corpus, ¿cómo cambió el plazo de devolución desde el 1 de abril de 2024? Para un LR-200 comprado por 599 € bajo la nueva política, abierto y en buen estado, ¿qué cargo y condiciones de envío se aplican si se devuelve 45 días después de recibirlo?\nDocumentos:\n[04_politica_devoluciones_2024:2] rechaza.\n\nReembolso: en el método de pago original, en un máximo de 5 días laborables tras la recepción.\nGastos de envío de la devolución: gratuitos en pedidos superiores a 200 €.\n\nExcepciones: los productos discontinuados o de la sección outlet se rigen por las condiciones específicas indicadas en su ficha en el momento de la compra.\n\n\n[03_politica_devoluciones_2023:0] Política de devoluciones — Lumina Robotics\nVigencia: del 1 de enero de 2023 al 31 de marzo de 2024\nEstado: SUSTITUIDA por la versión 2024\n\nPlazo: 30 días naturales desde la recepción del producto.\nEstado del producto: debe devolverse en su embalaje original con todos los accesorios.\nCargo por reposición: 15% del precio de compra si el producto ha sido abierto.\nReembolso: en el método de pago original, entre 7 y 10 días laborables tras recibir la devolución', 'response': 'El plazo de devolución cambió de 30 días naturales desde la recepción del producto (vigente hasta el 31 de marzo de 2024) a [04_politica_devoluciones_2024:2] (no se especifica el nuevo plazo en el fragmento proporcionado).\n\nPara un LR-200 comprado por 599 € bajo la nueva política, abierto y en buen estado, si se devuelve 45 días después de recibirlo:\n*   **Cargo:** No se especifica el cargo aplicable para un producto abierto en la nueva política.\n*   **Condiciones de envío:** Los gastos de envío de la devolución son gratuitos en pedidos superiores a 200 € [04_politica_devoluciones_2024:2].', 'input_tokens': 400, 'output_tokens': 174}]",0.4694736427752437,0.2,grid-0-k2__q3
grid-0-k2,RAG simple,q4,temporal,"Según el corpus, ¿qué fallo del LR-200 relacionado con los cortes de luz se resolvió mediante una actualización, qué versión lo corrige y cuándo se publicó?","El bug F-301 provocaba que el mapa SLAM del LR-200 se reiniciara espontáneamente tras un corte de luz. Se resolvió en el firmware 2.1, publicado en noviembre de 2024; se recomienda actualizar a esa versión.","['09_incidencias_conocidas.txt', '02_producto_lr200_specs.txt']","No hay información en los documentos sobre un fallo del LR-200 relacionado con los cortes de luz que se haya resuelto mediante una actualización, ni sobre la versión que lo corrige o la fecha de publicación.","['a mantener stock del LR-100 hasta agotar existencias, pero sin nueva producción a partir del 1 de noviembre de 2024.\n\n3. El LR-200 pasa a ser el modelo de referencia de la marca. El equipo de marketing ajustará la página principal a partir del 1 de octubre.\n\n4. Pendiente para la siguiente reunión: revisar la política de garantía extendida pensando en los clientes del LR-100 que decidan migrar al LR-200.\n\n5. Se establece una ', 'i-planta.\n\nLumina LR-200 (referencia interna):\n  Autonomía: 180 minutos\n  Mapeo: SLAM con LiDAR y cámara, multi-planta hasta 4 niveles\n  Garantía: 36 meses\n  Precio: 599 €\n  Ventaja principal: mejor relación garantía-precio del segmento y soporte multi-planta.\n\nConclusión del equipo:\nEl LR-200 mantiene una ventaja clara en garantía y en gestión multi-planta. Conviene reforzar la comunicación sobre la función de fregado, ausente en el competidor ']","[{'id': '05_acta_reunion_q3_2024:2', 'source': '05_acta_reunion_q3_2024.txt', 'text': 'a mantener stock del LR-100 hasta agotar existencias, pero sin nueva producción a partir del 1 de noviembre de 2024.\n\n3. El LR-200 pasa a ser el modelo de referencia de la marca. El equipo de marketing ajustará la página principal a partir del 1 de octubre.\n\n4. Pendiente para la siguiente reunión: revisar la política de garantía extendida pensando en los clientes del LR-100 que decidan migrar al LR-200.\n\n5. Se establece una ', 'score': 0.5200473070144653}, {'id': '10_comparativa_competencia:2', 'source': '10_comparativa_competencia.txt', 'text': 'i-planta.\n\nLumina LR-200 (referencia interna):\n  Autonomía: 180 minutos\n  Mapeo: SLAM con LiDAR y cámara, multi-planta hasta 4 niveles\n  Garantía: 36 meses\n  Precio: 599 €\n  Ventaja principal: mejor relación garantía-precio del segmento y soporte multi-planta.\n\nConclusión del equipo:\nEl LR-200 mantiene una ventaja clara en garantía y en gestión multi-planta. Conviene reforzar la comunicación sobre la función de fregado, ausente en el competidor ', 'score': 0.481905996799469}]","[{'stage': 'retrieval', 'query': 'Según el corpus, ¿qué fallo del LR-200 relacionado con los cortes de luz se resolvió mediante una actualización, qué versión lo corrige y cuándo se publicó?', 'documents': [{'id': '05_acta_reunion_q3_2024:2', 'source': '05_acta_reunion_q3_2024.txt', 'text': 'a mantener stock del LR-100 hasta agotar existencias, pero sin nueva producción a partir del 1 de noviembre de 2024.\n\n3. El LR-200 pasa a ser el modelo de referencia de la marca. El equipo de marketing ajustará la página principal a partir del 1 de octubre.\n\n4. Pendiente para la siguiente reunión: revisar la política de garantía extendida pensando en los clientes del LR-100 que decidan migrar al LR-200.\n\n5. Se establece una ', 'score': 0.5200473070144653}, {'id': '10_comparativa_competencia:2', 'source': '10_comparativa_competencia.txt', 'text': 'i-planta.\n\nLumina LR-200 (referencia interna):\n  Autonomía: 180 minutos\n  Mapeo: SLAM con LiDAR y cámara, multi-planta hasta 4 niveles\n  Garantía: 36 meses\n  Precio: 599 €\n  Ventaja principal: mejor relación garantía-precio del segmento y soporte multi-planta.\n\nConclusión del equipo:\nEl LR-200 mantiene una ventaja clara en garantía y en gestión multi-planta. Conviene reforzar la comunicación sobre la función de fregado, ausente en el competidor ', 'score': 0.481905996799469}]}]",1,397,44,0.7976299719957751,"[{'prompt': 'Responde en español, brevemente y solo con hechos respaldados por los documentos. Cita los identificadores entre corchetes. Si falta evidencia, indícalo. Si se pregunta por políticas, distingue las históricas de la vigente. No añadas comentarios sobre temas ajenos a la pregunta.\nPregunta: Según el corpus, ¿qué fallo del LR-200 relacionado con los cortes de luz se resolvió mediante una actualización, qué versión lo corrige y cuándo se publicó?\nDocumentos:\n[05_acta_reunion_q3_2024:2] a mantener stock del LR-100 hasta agotar existencias, pero sin nueva producción a partir del 1 de noviembre de 2024.\n\n3. El LR-200 pasa a ser el modelo de referencia de la marca. El equipo de marketing ajustará la página principal a partir del 1 de octubre.\n\n4. Pendiente para la siguiente reunión: revisar la política de garantía extendida pensando en los clientes del LR-100 que decidan migrar al LR-200.\n\n5. Se establece una \n\n[10_comparativa_competencia:2] i-planta.\n\nLumina LR-200 (referencia interna):\n  Autonomía: 180 minutos\n  Mapeo: SLAM con LiDAR y cámara, multi-planta hasta 4 niveles\n  Garantía: 36 meses\n  Precio: 599 €\n  Ventaja principal: mejor relación garantía-precio del segmento y soporte multi-planta.\n\nConclusión del equipo:\nEl LR-200 mantiene una ventaja clara en garantía y en gestión multi-planta. Conviene reforzar la comunicación sobre la función de fregado, ausente en el competidor ', 'response': 'No hay información en los documentos sobre un fallo del LR-200 relacionado con los cortes de luz que se haya resuelto mediante una actualización, ni sobre la versión que lo corrige o la fecha de publicación.', 'input_tokens': 397, 'output_tokens': 44}]",,,grid-0-k2__q4
